guytepper/1km.co.il	https://1km.co.il	58	2021-05-24T09:33:14Z	Protesting during pandemic times
Amoral1s/matrioshka.co.il		0	2020-12-07T14:11:47Z	
nircoren1/kitevibesurfschool.co.il		0	2020-08-13T11:41:02Z	
Ask-Spock/nadlandeal.co.il		0	2020-12-17T13:21:01Z	
DimaMinka/rubike.co.il		0	2020-10-15T19:18:06Z	
elisherer/sherer.co.il		0	2024-11-21T15:44:18Z	Source for http://sherer.co.il
udiudi/developers.co.il	https://developers.co.il	0	2022-02-09T14:29:08Z	A blog for freelance developers
anjengbangsat/kontolodons.zamir.co.il		0	2020-09-15T11:41:39Z	
kolmas1211/https-kolhamas.co.il		0	2020-03-05T15:35:25Z	 https://kolhamas.co.il חברת קול המס מובילה במתן שירותי חשבות שכר, מסלקה פנסיונית, חשב שכר בכיר לימודי חשב שכר וימי עיון
ubh2020/part.talyakov.co.il		0	2020-03-03T14:06:15Z	
Icoosans019/Israel.macroprint.co.il		0	2021-02-03T01:22:59Z	
anjengbangsat/contact.bsmartinvest.co.il		0	2020-09-21T15:31:11Z	
noamca/in-h.co.il		0	2020-03-16T06:43:05Z	Michel Barzilay wp site
ANGGA-9211/buruk.alternet.co.il		0	2020-01-03T18:49:38Z	
sixteen16062001/isranews.mediaeaters.co.il		0	2020-08-04T18:34:02Z	
ANGGA-9211/becak.talyakov.co.il		0	2020-01-04T00:36:33Z	
ANGGA-9211/rusak.mediaeaters.co.il		0	2020-01-04T00:26:19Z	
akival/akival-systematics.co.il		0	2020-03-28T21:54:52Z	
anjengbangsat/kontolodons.gofman.co.il		0	2020-09-15T11:33:27Z	
rafikamin1970/http-rafimatalon.co.il		0	2020-02-18T11:30:07Z	http://rafimatalon.co.il קמין, קמין עץ וגם קמין גז.
lontar12345/chi.hobiecat.co.il		0	2020-07-19T08:26:32Z	
zwcdam99/book.libira.co.il		0	2020-12-29T15:57:23Z	
akugans1122/en.teamtraining.co.il		0	2020-12-26T13:58:51Z	
ANGGA-9211/ngocok.getwedd.co.il		1	2020-01-04T00:41:24Z	
Ask-Spock/www.nadlandeal.co.il		0	2020-08-03T08:20:05Z	Nadlan Deal Group website implemented and converted to  solid HTML
galang337/my.plutostudios.co.il		0	2020-12-26T13:57:44Z	
Mohadz-1/talaviv.hanispirit.co.il		0	2020-12-31T20:49:13Z	
omrilotan/ilan-lahav.co.il	https://ilan-lahav.co.il	0	2023-01-27T11:50:35Z	Ilan's website
spacexploiter16/provernt.chery.co.il		0	2020-10-18T12:38:39Z	
lontar12345/up.chery.co.il		0	2020-07-19T08:18:41Z	
sixteen16062001/shoot.digitalions.co.il		0	2020-07-26T04:17:44Z	
Mohadz-1/pare.alternet.co.il		0	2020-12-28T11:07:21Z	
andikakun/server.zamir.co.il		0	2020-12-04T01:06:03Z	
TnGreenSky7/new.mediaeaters.co.il		0	2020-03-29T02:23:48Z	
Charlotte403/gardenof.chery.co.il		0	2020-10-28T12:51:39Z	
unknow731/app.talyakov.co.il		0	2020-07-05T17:39:44Z	
TnGreenSky7/System.chery.co.il		0	2020-04-28T15:31:21Z	
anjengbangsat/kontolodon2.hobiecat.co.il		0	2020-09-15T11:28:48Z	
andikakun/web2.funclub.co.il		0	2020-12-04T01:19:21Z	
Ask-Spock/DevNadlanDeal.co.il		0	2020-12-17T13:18:14Z	dev version NadlanDeal.co.il
anjengbangsat/kontolodon1.hobiecat.co.il		0	2020-09-15T11:26:18Z	
Ask-Spock/DEV.www.nadlandeal.co.il		0	2020-08-05T11:29:28Z	Dev of  www.nadlandeal.co.il  with internal links setup (in production the internal links will be configure to real URL.
andikakun/sub.ocean-nation.co.il		0	2020-12-03T09:03:30Z	
anjengbangsat/admin-login.alternet.co.il		0	2020-10-04T06:44:03Z	
ANGGA-9211/kontol.ukulele-israel.co.il		0	2020-01-03T18:42:38Z	
dstphantom13/Time.ukulele-israel.co.il		0	2020-01-12T12:01:26Z	
tnxzack7/net.ocean-nation.co.il		0	2020-06-12T07:41:26Z	
Charlotte403/cherry-garden.chery.co.il		0	2020-10-28T13:40:31Z	
TnGreenSky7/nice.ukulele-israel.co.il		0	2020-03-29T02:20:51Z	
dstphantom13/Media.ocean-nation.co.il		0	2020-05-17T17:04:49Z	
unknow731/web.ocean-nation.co.il		0	2020-05-30T09:49:51Z	
lutfieganteng/id.ukulele-israel.co.il		0	2020-02-07T06:16:34Z	
adipeeri/adi-p-ynet.co.il		0	2020-04-05T07:12:37Z	
aharonhezi1/angular-yad2.co.il-mitation		0	2023-05-07T22:40:51Z	
aharonhezi1/react-yad2.co.il--mitation		1	2022-12-11T22:37:04Z	
aharonhezi1/angular-yad2.co.il-mitation-hebrew		0	2023-05-07T23:54:40Z	
aharonhezi1/nodejs-mongodb-yad2.co.il-mitation		0	2022-12-22T14:39:55Z	
zvi1/https-www.haaretz.co.il-gallery-television-tv-review-.premium.HIGHLIGHT-1.9397638		0	2020-12-27T22:29:20Z	
dimagoltsman/home-assistant.co.il		2	2021-09-25T13:28:11Z	
meir-gazit/zimmer.co.il		0	2021-09-21T17:16:18Z	z-place
tezos-israel/tezos.co.il	tezos-co-il-git-master-tezos-israel.vercel.app	0	2022-08-07T09:04:21Z	
simchadumas/toenrabani.co.il		0	2021-05-11T20:08:50Z	
bedoron/stupid.co.il		0	2022-10-10T13:00:59Z	
luckycorner/luckywedding.co.il		0	2021-10-14T18:42:31Z	
NatashXploit/on.hanispirit.co.il.hanispirit.co.il		0	2021-05-21T22:21:17Z	
AkuSukaPerawan/gofman.co.il		0	2021-03-09T07:26:03Z	
jakbarsec/hde.co.il		0	2021-05-07T06:06:03Z	
luckycorner/luckycorner.co.il		0	2024-12-03T19:57:28Z	
tuvataliya2141/OnlineTeacher.Co.il		0	2021-05-24T16:10:40Z	
AkuSukaPerawan/op.chery.co.il		0	2021-03-08T15:00:54Z	
InfYnifyno/khasm.alternet.co.il		0	2021-10-19T12:21:19Z	khasm.alternet.co.il
rdnh4xr/ratia.rembox.co.il		0	2021-10-02T15:15:31Z	http://ratia.rembox.co.il/
adnan288/dudi.solaris.co.il		0	2021-05-29T03:13:03Z	
andijack/click.gofman.co.il		0	2021-09-06T13:55:49Z	
InfYnifyno/arkadia.kirdecor.co.il		0	2021-10-19T12:08:54Z	arkadia.kirdecor.co.il
InfYnifyno/alaviv.teramail.co.il		0	2021-10-07T16:30:56Z	telavi.hamaniyot.co.il
ErezAlster/logcross.alster.co.il		0	2024-11-11T17:41:40Z	
anjengbangsat/spirit.alternet.co.il		0	2021-01-15T15:25:27Z	
adnan288/neg.coolmagnets.co.il		0	2021-05-29T08:52:37Z	
adnan288/scr.pyenta.co.il		0	2021-05-29T08:53:05Z	
jakbarsec/lol.chery.co.il		0	2021-05-07T01:27:10Z	
adnan288/ima.ahoy.co.il		0	2021-05-29T03:26:27Z	
adnan288/gnz.cheapest.co.il		0	2021-05-29T03:10:04Z	
rdnh4xr/weapon.rembox.co.il		0	2021-10-02T15:34:21Z	http://weapon.rembox.co.il/
InfYnifyno/maladi.hanispirit.co.il		0	2021-10-07T16:36:56Z	maladi.hanispirit.co.il
InfYnifyno/maladi.hamaniyot.co.il		0	2021-10-07T16:33:23Z	maladi.hamaniyot.co.il
tollsme/news.mediavision.co.il		0	2021-10-06T10:41:01Z	news.mediavision.co.il 
rere226/batyam.chery.co.il		0	2021-01-11T02:54:56Z	
AkuSukaPerawan/vvip.libira.co.il		0	2021-03-08T14:55:55Z	
budak4/hypalazi.hanispirit.co.il		0	2021-05-28T17:31:46Z	
devtools5/bank.gofman.co.il		0	2021-01-09T13:10:54Z	
adnan288/hni.hanispirit.co.il		0	2021-05-29T03:03:04Z	
nadliw1/www.israelmedia.co.il		0	2021-05-28T06:23:02Z	
mr-none19/dityx.rabinovich.co.il		0	2021-01-02T13:42:01Z	
mo7amo7a/zir.mediaeaters.co.il		0	2021-01-04T20:11:14Z	
adnan288/vas.wounds.co.il		0	2021-05-29T08:58:04Z	
equalizer0day/xn.itblog.co.il-		0	2021-09-15T23:46:46Z	xn.itblog.co.il 
zwcdam99/media.mediaeaters.co.il		0	2021-01-04T19:23:31Z	
equalizer0day/aviv.infoproducts.co.il		0	2021-09-16T00:27:35Z	aviv.infoproducts.co.il
jakbarsec/vcs.ahoy.co.il		0	2021-05-07T06:24:08Z	
IndraAdi012/hanspro.hanispirit.co.il		0	2021-05-21T12:03:50Z	
tollsme/demo.coriolis.co.il-		0	2021-10-05T17:10:09Z	demo.coriolis.co.il 
rdnh4xr/bridge.rembox.co.il		0	2021-10-02T14:51:57Z	http://bridge.rembox.co.il/
InfYnifyno/telavi.hamaniyot.co.il		0	2021-10-07T16:05:31Z	telavi.hamaniyot.co.il
rdnh4xr/cito.wounds.co.il		0	2021-10-03T03:46:31Z	http://cito.wounds.co.il/
adnan288/con.myski.co.il		0	2021-05-29T08:50:50Z	
IamHello666/shop.mbicycle.co.il		0	2021-05-12T05:54:15Z	
mo7amo7a/zir.zamir.co.il		0	2021-01-04T20:08:06Z	
nadliw1/israelnews.mediaeaters.co.il		0	2021-05-25T06:52:42Z	
adyggf/zap.doobi.co.il		0	2021-05-14T11:38:31Z	
adyggf/zap.magnetix.co.il		0	2021-05-14T11:44:25Z	
ShevetAhim/shevet-ahim.co.il	https://shevet-ahim.co.il	0	2025-05-11T20:06:05Z	shevet-ahim.co.il in next.js
balbalgaming/More.mediaeaters.co.il		0	2021-06-24T17:01:05Z	
adyggf/Shop.hobiecat.co.il		0	2021-05-25T05:28:10Z	
jakbarsec/kal-ram.co.il		0	2021-05-07T03:42:06Z	
tollsme/konsultasi.coriolis.co.il-		0	2021-10-05T17:05:54Z	konsultasi.coriolis.co.il 
adyggf/Fatra.devtime.co.il		0	2021-05-25T05:34:08Z	
adnan288/mai.terramail.co.il		0	2021-05-29T03:17:01Z	
adnan288/product.shivim.co.il		0	2021-05-29T08:53:38Z	
AkuSukaPerawan/vip.libira.co.il		0	2021-03-08T15:06:08Z	
nivdabeast/basketball-academy.co.il		0	2021-09-23T09:28:45Z	
SAFONAMIX28/skit.snowpick.co.il		0	2021-01-09T15:42:16Z	
InfYnifyno/phpMyadmin.baytaparket.co.il		0	2021-10-19T12:47:55Z	phpMyadmin.baytaparket.co.il
tollsme/dv.sergey-spektor.co.il-		0	2021-10-05T17:15:11Z	dv.sergey-spektor.co.il 
zwcdam99/tour.ocean-nation.co.il		0	2021-01-04T19:12:19Z	
codestackacademy/api-js-voicenter.co.il		0	2021-07-11T08:49:08Z	
Xs4-Net7/israel.kal-ram.co.il		0	2021-06-12T09:35:05Z	
mo7amo7a/pal.kal-ram.co.il		0	2021-01-08T16:24:35Z	
warda92/https-www.panet.co.il...		0	2021-02-07T09:02:54Z	
Xnero13id/gaza.kal-ram.co.il		0	2021-05-24T11:41:35Z	
nadliw1/mizrahi-leumi.hde.co.il		0	2021-05-25T07:04:15Z	
zwcdam99/sea.ocean-nation.co.il		0	2021-05-12T03:44:16Z	
tollsme/day.marry-me.co.il		0	2021-10-06T10:26:32Z	day.marry-me.co.il 
InfYnifyno/cpanell.m-h-b.co.il		0	2021-10-19T12:51:19Z	cpanell.m-h-b.co.il
codestackacademy/api-js-h-erp.co.il		0	2021-07-11T08:51:08Z	
adarnimrod/yamltool	https://git.shore.co.il/nimrod/yamltool	0	2021-12-24T22:35:14Z	Mirror of https://git.shore.co.il/nimrod/yamltool
adarnimrod/example-tf-project	https://git.shore.co.il/nimrod/example-tf-project	0	2021-10-07T18:11:12Z	Mirror of https://git.shore.co.il/nimrod/example-tf-project
adarnimrod/pre-commit-hooks	https://git.shore.co.il/nimrod/pre-commit-hooks	0	2025-01-04T19:30:12Z	Mirror of https://git.shore.co.il/nimrod/pre-commit-hooks
NoamKu95/KaatsuIsraelManagementApp	http://noamkurtzer.co.il/KaatsuApp-Details.html	2	2023-01-21T06:43:23Z	Distribution and Sales Management System built for our client Kaatsu Israel as our final project in the Information Syst
0xshahriar/sudo.co.il		7	2023-08-20T12:45:52Z	This is a repo of my solution of one XSS challenge website (http://sudo.co.il/xss/) . This challenges may have different
iNewLegend/muonline.co.il		1	2022-09-07T12:51:38Z	MMORPG Game that was created by WebZen, customized by me for muonline.co.il
idanmaman2/yad2.co.il_scraper		5	2023-11-13T13:05:10Z	
michassa/alankaler.co.il		0	2022-03-15T19:27:32Z	
boazglick/netanyabasketball.co.il		0	2024-08-04T14:24:40Z	
boazglick/realestateeilat.co.il		0	2024-08-04T14:25:54Z	
boazglick/ticketsland.co.il		0	2024-08-04T17:31:38Z	
omerzargarof/torathahalacha.co.il		0	2022-01-06T11:00:16Z	Version of the site torathahalacha.co.il Which was available in 2017 Created using a template, and customized to custome
omerzargarof/tora.co.il		0	2022-01-04T01:16:54Z	A version of the site tora.co.il that was available for a short time in 2012, when I was in the twelfth grade and was as
claudiaedelman/efielectric.co.il		0	2022-06-16T13:16:07Z	https://efielectric.co.il website
boazglick/indexparty.co.il		0	2024-08-04T14:26:04Z	
yonihod/datascience.co.il	datascience-co-il.vercel.app	0	2022-10-26T15:52:00Z	
link-in/tgp.co.il		0	2022-01-19T19:01:17Z	
boazglick/yarokaz.co.il		0	2024-08-04T06:35:08Z	
boazglick/yamus.co.il		0	2024-08-04T06:34:36Z	
boazglick/ulpanika.co.il		0	2024-08-04T17:31:41Z	
EndenDragon/lycorisre.co.il	https://lycorisre.co.il/	0	2022-09-26T12:49:03Z	sakana~!
boazglick/hanemala.co.il		0	2024-08-04T14:25:00Z	
boazglick/eyalh.co.il		0	2024-08-04T14:27:04Z	
link-in/datapool.co.il		0	2022-07-07T10:44:33Z	
Make-Ekoloko-Great-Again/ekoloko.co.il		0	2022-08-20T06:50:21Z	
boazglick/goldko.co.il		0	2024-08-04T14:24:50Z	
eldarlevran/opscale.co.il		0	2022-07-08T13:45:18Z	
boazglick/lemexico.co.il		0	2024-08-04T14:26:14Z	
PriDevl/hye.co.il		0	2022-11-03T13:30:23Z	
boazglick/movefix.co.il		0	2024-08-04T14:23:26Z	
boazglick/inex.co.il		0	2025-04-23T11:26:00Z	
boazglick/shtrudelit.co.il		0	2024-08-04T17:31:09Z	
boazglick/babybell.co.il		0	2024-08-04T17:30:47Z	
claudiaedelman/keeneset.co.il		0	2022-05-11T14:52:35Z	keenest website backup
sharon-pl/realty.co.il		0	2022-02-23T16:30:16Z	
Rd2Ut5tUwX/kipa.co.il		0	2022-09-13T02:21:12Z	
boazglick/karamellady.co.il		0	2024-08-04T17:30:57Z	
boazglick/buzz-tv.co.il		0	2024-08-04T17:30:03Z	
boazglick/so-special.co.il		0	2024-08-04T06:20:57Z	
Ptagdamvirus/api.gofman.co.il		0	2022-10-26T15:30:46Z	
Make-Ekoloko-Great-Again/www.ekoloko.co.il		0	2022-08-20T06:54:11Z	
Make-Ekoloko-Great-Again/play.ekoloko.co.il		0	2022-08-20T06:55:46Z	
mrnightowls/porn.chery.co.il		0	2022-03-26T17:43:54Z	
ngochieule123/add.bytec.co.il-		0	2022-09-15T15:15:31Z	
boazglick/easy-tours.co.il		0	2024-08-04T14:23:54Z	
Yaaaann/dishub.hanispirit.co.il		0	2022-02-14T06:51:42Z	
BCAF404/wire.hobiecat.co.il		0	2022-03-29T07:54:55Z	
Yaaaann/dishub.kanzoo.co.il		0	2022-02-14T07:22:23Z	
Yaaaann/dishub.wounds.co.il		0	2022-02-14T07:37:29Z	
mrnightowls/porn.hobiecat.co.il-		0	2022-03-27T05:24:51Z	
boazglick/nurit-hen.co.il		0	2024-08-04T17:31:03Z	
mrnightowls/porn.hobiecat.co.il		0	2022-03-27T05:28:46Z	
michassa/hanemala.co.il2		0	2022-03-16T08:14:24Z	
mrnightowls/hp.gofman.co.il		0	2022-03-28T06:09:10Z	
Yaaaann/dishub.arastar.co.il		0	2022-02-14T06:56:21Z	
CikampekGetarCyber/dishub.chery.co.il		0	2022-07-11T18:04:35Z	
mrnightowls/shop.ohel16.co.il		0	2022-03-27T14:32:04Z	
ArdhyanX/admin.ocean-nation.co.il		1	2022-02-27T11:49:49Z	
Yaaaann/add.kivunim-nosafim.co.il		0	2022-03-10T01:54:37Z	
sahidibrahim26/israell.ocean-nation.co.il		0	2022-10-11T08:09:09Z	
Yaaaann/http-dishub.kanzoo.co.il		0	2022-02-14T07:19:47Z	
omerzargarof/halacha-to-m.co.il		0	2022-01-03T21:49:34Z	Version of the site halacha-to-m.co.il Which was available in 2016 Created using a template, and customized to customer 
KevinSecurity/Water.ocean-nation.co.il		0	2022-01-18T09:50:03Z	
mrnightowls/isr.ocean-nation.co.il-		0	2022-03-27T05:35:30Z	
Lawyer-Reviews/https-www.luach-nadlan.co.il-		0	2022-04-05T13:36:58Z	
adarnimrod/deepclean	https://git.shore.co.il/nimrod/deepclean	0	2022-05-21T09:40:53Z	Mirror of https://git.shore.co.il/nimrod/deepclean
Axx6/chery.co.il		0	2023-11-06T11:46:06Z	
JoeAxelrod/axelrod.co.il		0	2023-12-31T11:02:10Z	The node-react-AI project is a TypeScript-based application that combines Node.js and React to integrate AI functionalit
shsy66erft/ACARHITECH.CO.IL		0	2023-07-22T15:10:40Z	אתר אינטרנט אחרייטק
plekanthuk/rivulisdev.co.il		0	2023-12-06T10:56:38Z	
NickDwtyayOficial/nickdwtyay.co.il	http://nickdwtyay.com.br/	0	2026-03-19T15:07:08Z	
beden/mycybertherapy.co.il		1	2023-08-26T10:59:53Z	Hebrew Versiom 
omrison/woolly.co.il		0	2023-03-25T19:36:06Z	Woolly site
shsy66erft/ACARHITEC.CO.IL	https://github.com/shsy66erft/ACARHITEC.CO.IL	0	2023-07-22T16:05:45Z	
AssafTzurEl/tzurel.co.il		0	2025-08-21T14:07:38Z	My personal website's source code
gupta-viniak-tft/experton.co.il		0	2024-12-19T09:09:23Z	
StarKatz/MachineDesign.co.il		0	2023-05-30T19:53:11Z	An engineering calculation tool for machine design subjects
gogyjay/1pc.co.il		0	2023-06-05T01:35:09Z	ToDo
jkitsmagic/jkitsmagic.github.co.il		0	2023-03-05T19:46:16Z	In house 3D printed iteams for things that may have been broken or lost
kiwkiw16/data.gofman.co.il		0	2023-10-16T17:09:00Z	
turkmany/ip.cli.co.il		0	2023-10-15T01:55:35Z	
KarawangCyberTeam1/website.coolblocks.co.il		0	2023-10-30T05:57:27Z	
watsoncoders/israeli-expert.co.il		0	2023-08-06T21:41:00Z	
alalalala309/ftp.luckycorner.co.il		0	2023-11-20T19:31:28Z	
kiwkiw16/account.chery.co.il		0	2023-11-06T18:42:51Z	
kiwkiw16/trading.kal-ram.co.il		0	2023-10-20T10:45:09Z	
Asepitgasn-Dev/sc.ocean-nation.co.il		0	2023-04-20T08:41:01Z	
iLyazH4Xor/Tel-aviv.mediaeaters.co.il		0	2023-10-11T15:50:21Z	
turkmany/https-ip.cli.co.il-		0	2023-10-15T02:55:46Z	
arye321/13tv.co.il_yt-dlp_extractor		0	2024-06-03T17:13:48Z	yt-dlp plugin that allows you to use 13tv.co.il links
RuslanKovalyov/TheBook	https://thebook.co.il	0	2023-08-20T04:09:53Z	TheBook.co.il: An open-source platform dedicated to the foundational texts that have shaped human civilization. From sac
dgamoni/nuriteldar.co.il		0	2024-03-26T09:58:00Z	
dimabruk/packraft.co.il		0	2026-01-13T20:14:21Z	
flawstick/grub.co.il	https://grub.co.il	0	2025-01-14T14:31:17Z	a website to showcase grub
yuvall11/tahshitim.co.il		0	2024-09-25T21:22:14Z	
fun237/clinikids.co.il		0	2024-10-08T03:35:45Z	Hi
ariel3316/arielai.co.il		0	2024-08-22T15:37:52Z	arielai.co.il
talroz532/pwnable.co.il		0	2024-02-21T19:48:57Z	pwnable.co.il my solutions
vlabeit/webmarket.co.il		1	2024-01-12T15:20:07Z	Django website with full design, dashboard, ecommerce, user accounts and project management.
MikmakCheats/mikmak.co.il		0	2024-01-31T21:31:51Z	
automazeio/hotello.co.il		1	2024-12-06T15:56:18Z	Hotello website
kobi-cohen/magi.co.il		0	2024-09-11T01:30:16Z	all magical things in one place - coming soon
anujpanwar05/babyteva.co.il		0	2024-01-13T15:18:21Z	Hebrew based virtuemart and joomla website. and has almost 5k products.
alvioil/alvio.co.il		0	2024-04-03T16:58:29Z	alvio.co.il
sonfor50/streamers.co.il		0	2024-11-18T09:51:55Z	
SergeyGrishuk/grishuk.co.il	https://grishuk.co.il/	0	2026-03-23T06:42:12Z	This repository contains the source code for grishuk.co.il.
dgamoni/oliver.co.il		0	2024-03-26T10:20:07Z	
GDL24/petstikva.co.il		0	2024-05-12T13:10:16Z	
SHAYMOR1/EventTally.co.il		0	2024-02-18T12:14:54Z	 יצירת אירועים: יצירת אירועים חדשים עם תאריך ושעה.  מעקב זמן: מציגה כמה זמן עבר מאז האירוע האחרון וכמה זמן נותר עד האירו
okeseyi8/fm1.co.il		0	2025-04-01T13:31:07Z	
Cryoox/exploit.co.il-Docker		0	2024-04-19T15:40:54Z	
rustyIL/discord.rusty.co.il	https://discord-rusty-co-il.vercel.app	0	2026-01-28T13:20:12Z	redirect to discord channel
okeseyi8/fm.co.il-desktop		0	2024-05-29T18:46:53Z	
dgamoni/behavior-analyst.co.il		0	2024-03-24T18:59:08Z	
Appgate-10/arvoot-crm.co.il		0	2025-10-26T08:51:02Z	
rejaaxy/files.chery.co.il		0	2024-01-02T12:30:16Z	
miner-game/Omer-sparadoxes.co.il		0	2024-04-22T12:50:09Z	
0xfunzies/callcenter.chery.co.il		0	2024-04-13T00:20:30Z	
SashaSherman-QA/Antisemitism.kab.co.il		0	2024-01-20T15:21:55Z	
ariel198989/aseret-hadibrot.co.il		0	2024-07-16T15:19:48Z	
dmytropolyt/itsoft.co.il_test_task		0	2024-01-24T00:37:57Z	
doronia/com.sponser.co.il__old		0	2024-09-24T16:48:12Z	
area-99/open-data.gofman.co.il		0	2024-07-31T00:58:46Z	
Davidlinkcoil/AboutMe-L-ink.co.il		0	2025-07-06T06:42:54Z	
shalomHolam/Random-content-loader-for-tora-forum.co.il		0	2024-06-29T18:57:20Z	
neria05/arusi-web	https://gm-arusi.co.il	0	2024-11-01T13:19:21Z	https://gm-arusi.co.il/ ⚡️
myHerbAI/PrintLess-EcoMetrics	https://ecometrics.myherb.co.il	1	2026-04-11T08:10:37Z	PrintLess-EcoMetrics is an innovative application developed by myHerb.co.il to revolutionize eco-friendly practices in t
glickboaz/hanemala.co.il		0	2025-01-17T20:43:20Z	
Medi-Flow-clinic/booking.co.il		0	2026-01-17T19:52:31Z	
mikel724/cleaningbest.co.il		0	2025-06-10T05:00:18Z	
kseniagalantzan/whippet.co.il		0	2025-05-13T13:17:55Z	
glickboaz/realestateeilat.co.il		0	2025-01-17T20:42:26Z	
glickboaz/ulpanika.co.il		0	2025-01-17T20:37:17Z	
0x1do/pwnable.co.il		0	2026-03-22T21:09:09Z	pwnable.co.il - writeups
EYALAMIT1/eyalamit.co.il		0	2026-03-30T02:07:47Z	my web site
gofshteyn/pantarei.co.il		0	2025-05-26T08:41:10Z	
Foxyg9/IAFVirtualproject.co.il		0	2025-03-14T13:13:02Z	
glickboaz/ticketsland.co.il		0	2025-01-17T20:37:30Z	
glickboaz/babybell.co.il		0	2025-01-17T20:40:38Z	
glickboaz/inex.co.il		0	2025-01-18T11:43:03Z	
glickboaz/netanyabasketball.co.il		0	2025-01-17T20:43:39Z	
ronker21/Kreinin.co.il		0	2025-02-13T19:13:36Z	my Web Page
glickboaz/goldko.co.il		0	2025-01-17T20:43:30Z	
glickboaz/shtrudelit.co.il		0	2025-01-17T20:39:32Z	
glickboaz/karamellady.co.il		0	2025-01-17T20:40:11Z	
motiedri1-adrim/adrim.co.il		0	2025-08-13T09:50:52Z	
ediTop/DIBURS.CO.IL		0	2025-10-12T13:40:29Z	
glickboaz/lemexico.co.il		0	2025-01-17T20:42:07Z	
alonac/yaelgalin.co.il		0	2025-01-15T18:43:27Z	
shalev-osher/mazonhaosher.co.il	https://mazonhaosher.co.il	0	2026-04-28T16:44:31Z	High-performance PWA bakery website focused on conversion, RTL support, and real-world UX optimization.
glickboaz/yarokaz.co.il		0	2025-01-18T11:41:15Z	
yaopen4/abramov.co.il	https://www.abramov.co.il/	0	2025-11-25T11:00:21Z	Landing page for Abramov Gefen LTD
glickboaz/eyalh.co.il		0	2025-01-17T20:41:35Z	
glickboaz/indexparty.co.il		0	2025-01-17T20:42:16Z	
kayna16519-netizen/shirai.co.il		0	2026-02-16T07:27:20Z	
glickboaz/movefix.co.il		0	2025-01-17T20:50:25Z	
glickboaz/yamus.co.il		0	2025-01-18T11:43:18Z	
Guysharoni/tsam.co.il		0	2025-02-16T13:45:08Z	
etgar79/1979.co.il		0	2026-04-22T13:55:11Z	
TamirSivilia/SiviliaTech.co.il		0	2025-12-27T14:58:20Z	
Dimos082/car2u.co.il		0	2025-12-02T11:16:08Z	Landing page
Tgoldi/YeshDig.co.il		1	2025-02-02T12:50:05Z	
GolanMoyal2023/2Plus.co.il		0	2026-02-17T13:28:38Z	
fthrdev/support.mediavision.co.il		0	2025-07-19T06:18:57Z	
glickboaz/nurit-hen.co.il		0	2025-01-17T20:39:51Z	
glickboaz/so-special.co.il		0	2025-01-18T11:43:46Z	
yaniv-cmd/http-hadtech.co.il-		0	2025-09-18T07:55:07Z	HADTECH combines three decades of industry expertise with a relentless focus on innovation, delivering custom electronic
shay222s/http-mugbalutisrael.co.il-		0	2025-01-06T20:07:48Z	אתר הפודקאסטים הרשמי של מוגבלות ישראל
royrefa/royrefa.githab.co.il		0	2026-02-12T15:30:29Z	
dozz12/beersheba.times.co.il		0	2025-03-27T12:00:20Z	
dozz12/idf.teamtraining.co.il		0	2025-03-10T07:03:33Z	
UdiYogev/tamar-travel.co.il-	https://tamar-travel-co-il.vercel.app	0	2026-05-13T18:55:02Z	אתר של תמר נופשים - דוגמא
glickboaz/easy-tours.co.il		0	2025-01-17T20:50:03Z	
InbarR/ofek-technology.co.il		0	2025-05-10T14:38:12Z	
orensrauch/wiki.hichat.co.il		0	2025-04-14T19:20:17Z	Public HiChat documentation portal for understanding and using the HiChat SaaS solution for businesses - Hebrew version
amihayg/vibe-code.co.il		0	2025-09-30T18:41:34Z	Vibe code landing page for vibe code comunity
ediTop/DIBURS.CO.IL1		0	2025-10-12T14:02:12Z	FEFEWEW
bardalu12-cmyk/webinar.myfinai.co.il		0	2025-12-07T10:46:22Z	
glickboaz/buzz-tv.co.il		0	2025-01-17T20:41:26Z	
morankal/morankal-standup.co.il	https://morankal-standup-co-il.vercel.app	0	2025-05-18T20:42:44Z	
dozz12/about.ocean-nation.co.il		0	2025-03-10T06:21:05Z	
ASAFDIGITAL/trade.walid-group.co.il		0	2025-11-23T07:12:15Z	
c0rnp0pc0rn/Tabu	https://tabuisrael.co.il	0	2025-05-04T12:01:28Z	tabuisrael.co.il
ite-dev/alegro-events	https://www.alegro-events.co.il	1	2026-05-04T13:00:21Z	[HTML/CSS/JS] - Events Venue Website: https://www.alegro-events.co.il
PrimeDev-IL/Portfolio	https://primedev.co.il	0	2026-04-19T17:44:24Z	The official source code for PrimeDev.co.il. Built with React, Vite, and fully automated CI/CD pipelines via GitHub Acti
CarmelKalfa/Empire-il.co.il		0	2026-02-23T20:56:29Z	Empire-il.co.il | Advanced Cloud & Infrastructure Platform
modaco-il/modaco.co.il	https://modaco-co-il.vercel.app	0	2026-05-04T06:49:13Z	Modaco Commerce Platform — E-commerce for hardware, faucets & home accessories
PrositesCoIl/polimor.co.il		0	2026-04-30T13:33:58Z	
dortzabari/pencia.co.il		0	2026-03-31T17:20:40Z	Tuvi Tzabari - Financial Planner Website
ronnypro/yeko.co.il		0	2026-03-09T11:05:09Z	
lolamit544-maker/botishop.co.il		0	2026-03-02T18:45:02Z	Boti - Shop
hellsecdev/orlysitbon.co.il	https://orlysitbon.co.il/	0	2026-01-26T19:47:17Z	
PrositesCoIl/taalulim.co.il		0	2026-03-30T09:32:25Z	
PrositesCoIl/ofirsapakim.co.il		0	2026-04-28T11:42:30Z	
ombee-hub/cygnus.co.il		0	2026-04-30T21:43:05Z	
PrositesCoIl/lupuz.co.il		0	2026-03-31T11:42:20Z	
dorey-cmd/eskit.co.il	https://eskit-co-il.vercel.app	0	2026-04-08T22:02:58Z	
israelinsta-2025/insta.co.il		0	2026-03-18T18:10:20Z	
PrositesCoIl/nagar.co.il		0	2026-04-29T07:27:13Z	
PrositesCoIl/rightek.co.il		0	2026-05-03T09:08:36Z	
niryifrah4/niryifrahcfp.co.il		0	2026-05-12T10:20:57Z	
PrositesCoIl/proprechesh.co.il		0	2026-05-03T06:03:14Z	
BoazGa/wwp.co.il		0	2026-01-04T17:27:45Z	
PrositesCoIl/gba.co.il		0	2026-04-27T10:26:18Z	
link-in/hostly.co.il	https://hostly.co.il	0	2026-05-10T07:39:39Z	
limor-maker/eskit.co.il		0	2026-04-08T21:19:26Z	
Maxios2025/maxios.co.il	https://maxioscoil.vercel.app	0	2026-05-17T09:27:34Z	
ombee-hub/ombee.co.il		0	2026-05-06T15:19:39Z	
yarinyehezkel/epasero.co.il	https://epasero-co-il.vercel.app	0	2026-05-07T13:34:52Z	epasero landing page
osifeu-prog/SLH.co.il	http://slh-nft.com/SLH.co.il/	0	2026-04-27T02:31:27Z	SLH.co.il
dorey-cmd/altrubiz.co.il	https://altrubiz-co-il.vercel.app	0	2026-04-05T20:20:41Z	
PrimeAiSaaS/primeai.co.il		1	2026-03-30T16:13:26Z	
krispelitzik-ofaqim/sabahaim.co.il		0	2026-04-10T11:04:49Z	The Sicret Code - Grandpa's Matrix
ragones1234-debug/urcod.co.il		0	2026-04-11T20:07:17Z	אתר מקצועי בעברית (RTL) עבור URCOD – מבנים יבילים ומודולריים לקהילות, עיריות, יזמים ומוסדות. מציג פתרונות בנייה מודולרית
D371L/billclick.co.il		0	2026-02-11T22:53:05Z	
PrositesCoIl/ars-law.co.il		0	2026-04-15T11:01:55Z	
PrositesCoIl/ariel-levi.co.il		0	2026-03-30T13:34:27Z	
Tomer-Wasserman/tw-law.co.il		0	2026-04-12T21:02:16Z	
roi-ai-co-il/roi-ai-co-il.github.io	https://roiai.co.il	0	2026-05-07T20:51:10Z	ROI AI — Custom ERP, CRM and websites for SMBs in Israel. Visit roiai.co.il
PrositesCoIl/etzim-israel.co.il		0	2026-03-26T17:09:48Z	חנות פרקטים של עצים
reuvenre/Win-Solution.co.il	https://win-solutioncoil.vercel.app	1	2026-04-02T20:09:24Z	אתר הבית של WIN SOLUTIONS
silvermanium/websec.co.il-writeups		0	2026-04-22T21:32:30Z	
moshegalam-prog/ALUM-CM.CO.IL	https://alum-cm-co-il.vercel.app	0	2026-05-17T06:31:01Z	מערכת הצעות מחיר חכמה לחלונות ותריסים
PrositesCoIl/pc-speed.co.il		0	2026-04-12T16:01:43Z	
my-rabbinic-website/safrut-price.co.il		0	2026-04-15T02:43:42Z	
my-rabbinic-website/RavArad.co.il		0	2026-05-06T02:42:49Z	
Mauson123/bmk-law.co.il		0	2026-05-13T08:36:40Z	
rotem-prog/zevi-arch.co.il		0	2026-05-10T07:50:55Z	architecture and urban planning
ombee-hub/my-story.co.il		0	2026-05-12T17:18:24Z	
raminkantan/rami.kantan.co.il		0	2026-05-13T07:52:54Z	דף נחיתה - רמי
ombee-hub/Pyramids-Buildings.co.il		0	2026-04-29T12:14:36Z	
hazz1122/upload.mafiashare.co.il		0	2026-03-24T09:25:44Z	
nghhi770-wq/LawyerFlow.co.il		0	2026-03-23T10:57:41Z	
I-amAdmin/narc-help.co.il	https://narc-help-co-il.vercel.app	0	2026-04-30T19:34:05Z	
link-in/mountain-view-dafna.co.il	https://mountain-view-dafna-co-il.vercel.app	0	2026-04-27T09:26:50Z	
PrositesCoIl/mobile-tire-shop.co.il		0	2026-04-05T09:59:23Z	
PrositesCoIl/one-hour-embroidery.co.il		0	2026-04-29T13:23:09Z	
Garianiy55/eit-sefer-lagdolim.co.il		0	2026-05-07T13:45:16Z	בית ספר לגיל השלישי
djitzikb/sound-t.co.il-pro		0	2026-01-31T11:54:26Z	
PrositesCoIl/www.repair-lab.co.il		0	2026-04-27T15:04:13Z	
alkovalex-hash/Typescript-Practise-on-FXP.CO.IL		0	2026-04-18T19:17:00Z	Typescript Project on FXP.CO.IL
tmklada/https-www.the-marketers.co.il-empty		0	2026-04-30T22:39:28Z	Empty Page
moshebaruch80-lab/https-www.yoursite.co.il-Moshe-Baruch.vcf		0	2026-01-02T10:43:16Z	
Guy008/joke	https://www.bdihot.co.il/	0	2026-04-13T16:28:19Z	Home Assistant integration — Hebrew jokes sensor powered by bdihot.co.il
IsaacBrami/Portfolio	https://PleaseHireMe.co.il	0	2026-04-09T09:50:17Z	Im using this repo to learn DevOps and create a real project (Creating my portfolio) https://pleasehireme.co.il
